<?xml version="1.0" encoding="UTF-8"?>
<!DOCTYPE mapper PUBLIC "-//mybatis.org//DTD Mapper 3.0//EN"
"http://mybatis.org/dtd/mybatis-3-mapper.dtd">
<mapper namespace="CartDAO">

	
	
	<insert id="insertCart" parameterType="cart">
		<![CDATA[
		INSERT INTO CLIENT_INFO(cart, password, client_name, addr, phone, email)
		VALUES(cart_client_id.nextval,
			#{title}, #{writer}, #{content}, 
			sysdate, 0)
		]]>
	</insert>
	
	<update id="updateCart" parameterType="cart">
		<![CDATA[
		UPDATE CLIENT_INFO SET
		TITLE = #{title},
		CONTENT = #{content}
		WHERE CLIENT_ID = #{client_id}
		]]>
	</update>
	
	<delete id="deleteCart" parameterType="cart">
		<![CDATA[
		DELETE CLIENT_INFO
		WHERE CLIENT_ID = #{client_id}
		]]>
	</delete>
	
	<select id="getCart" parameterType="cart" resultType="cart">
		<![CDATA[
		SELECT *
		FROM CLIENT_INFO
		WHERE CLIENT_ID = #{client_id}
		]]>
	</select>
	
	<select id="getCartList" resultType="cart">
		<![CDATA[
		SELECT *
		FROM CLIENT_INFO
		]]>
	</select>
</mapper>