<?xml version="1.0" encoding="UTF-8"?>
<!DOCTYPE mapper PUBLIC "-//mybatis.org//DTD Mapper 3.0//EN"
"http://mybatis.org/dtd/mybatis-3-mapper.dtd">
<mapper namespace="Client_infoDAO">

	
	
	<insert id="insertClient_info" parameterType="client_info">
		<![CDATA[
		INSERT INTO CLIENT_INFO(client_info, password, client_name, addr, phone, email)
		VALUES(client_info_client_id.nextval,
			#{title}, #{writer}, #{content}, 
			sysdate, 0)
		]]>
	</insert>
	
	<update id="updateClient_info" parameterType="client_info">
		<![CDATA[
		UPDATE CLIENT_INFO SET
		TITLE = #{title},
		CONTENT = #{content}
		WHERE CLIENT_ID = #{client_id}
		]]>
	</update>
	
	<delete id="deleteClient_info" parameterType="client_info">
		<![CDATA[
		DELETE CLIENT_INFO
		WHERE CLIENT_ID = #{client_id}
		]]>
	</delete>
	
	<select id="getClient_info" parameterType="client_info" resultType="client_info">
		<![CDATA[
		SELECT *
		FROM CLIENT_INFO
		WHERE CLIENT_ID = #{client_id}
		]]>
	</select>
	
	<select id="getClient_infoList" resultType="client_info">
		<![CDATA[
		SELECT *
		FROM CLIENT_INFO
		]]>
	</select>
</mapper>