<?xml version="1.0" encoding="UTF-8"?>
<!DOCTYPE mapper PUBLIC "-//mybatis.org//DTD Mapper 3.0//EN"
"http://mybatis.org/dtd/mybatis-3-mapper.dtd">
<mapper namespace="Product_infoDAO">

	
	
	<insert id="insertProduct_info" parameterType="product_info">
		<![CDATA[
		INSERT INTO CLIENT_INFO(product_info, password, client_name, addr, phone, email)
		VALUES(product_info_client_id.nextval,
			#{title}, #{writer}, #{content}, 
			sysdate, 0)
		]]>
	</insert>
	
	<update id="updateProduct_info" parameterType="product_info">
		<![CDATA[
		UPDATE CLIENT_INFO SET
		TITLE = #{title},
		CONTENT = #{content}
		WHERE CLIENT_ID = #{client_id}
		]]>
	</update>
	
	<delete id="deleteProduct_info" parameterType="product_info">
		<![CDATA[
		DELETE CLIENT_INFO
		WHERE CLIENT_ID = #{client_id}
		]]>
	</delete>
	
	<select id="getProduct_info" parameterType="product_info" resultType="product_info">
		<![CDATA[
		SELECT *
		FROM CLIENT_INFO
		WHERE CLIENT_ID = #{client_id}
		]]>
	</select>
	
	<select id="getProduct_infoList" resultType="product_info">
		<![CDATA[
		SELECT *
		FROM CLIENT_INFO
		]]>
	</select>
</mapper>