<?xml version="1.0" encoding="UTF-8"?>
<!DOCTYPE mapper PUBLIC "-//mybatis.org//DTD Mapper 3.0//EN"
"http://mybatis.org/dtd/mybatis-3-mapper.dtd">
<mapper namespace="Sales_infoDAO">

	
	
	<insert id="insertSales_info" parameterType="sales_info">
		<![CDATA[
		INSERT INTO CLIENT_INFO(sales_info, password, client_name, addr, phone, email)
		VALUES(sales_info_client_id.nextval,
			#{title}, #{writer}, #{content}, 
			sysdate, 0)
		]]>
	</insert>
	
	<update id="updateSales_info" parameterType="sales_info">
		<![CDATA[
		UPDATE CLIENT_INFO SET
		TITLE = #{title},
		CONTENT = #{content}
		WHERE CLIENT_ID = #{client_id}
		]]>
	</update>
	
	<delete id="deleteSales_info" parameterType="sales_info">
		<![CDATA[
		DELETE CLIENT_INFO
		WHERE CLIENT_ID = #{client_id}
		]]>
	</delete>
	
	<select id="getSales_info" parameterType="sales_info" resultType="sales_info">
		<![CDATA[
		SELECT *
		FROM CLIENT_INFO
		WHERE CLIENT_ID = #{client_id}
		]]>
	</select>
	
	<select id="getSales_infoList" resultType="sales_info">
		<![CDATA[
		SELECT *
		FROM CLIENT_INFO
		]]>
	</select>
</mapper>